China,Shanghai,23019196
Mexico,Tlalnepantla,20116842
China,Beijing,19612368
Mexico,Ciudad Del Carmen,17963196
United States Of America,New York,17799861
India,Mumbai,16434386
Argentina,Buenos Aires,15567820
Pakistan,Karachi,14910352
India,Kolkata,13205697
India,Delhi,12877470
Japan,Tokyo,12576601
India,Mumbai,12442373
Russian Federation,Moscow,11918057
United States Of America,Los Angeles,11789487
Brazil,Sao Paulo,11152968
Pakistan,Lahore,11126285
India,Delhi,11034555
France,Paris,10706072
Indonesia,Jakarta,10562088
Republic Of Korea,Seoul,10038916
China,Chongqing,9691901
Peru,Lima,9562280
Egypt,Cairo,9539673
Bangladesh,Dhaka,8906035
Iran,Tehran,8693706
China,Guangzhou,8524826
India,Bengaluru,8495492
China,Wuhan,8312700
United States Of America,Chicago,8307904
Thailand,Bangkok,8305218
United Kingdom Of Great Britain And Northern Ireland,London,8278251
"China, Hong Kong Sar",Hong Kong Sar,7507400
China,Tianjin,7499181
China,Shenzhen,7008831
India,Hyderabad,6993262
Canada,Toronto,6572524
India,Chennai,6560242
China,Dongguan,6445777
Brazil,Rio De Janeiro,6320446
Chile,Santiago,6148754
India,Hyderabad,5742036
Singapore,Singapore,5703569
India,Bangalore,5701446
India,Ahmedabad,5633927
Mexico,Monterrey,5603789
Mozambique,Nampula,5483382
Mexico,Guadalajara,5436332
Australia,Greater Sydney,5367206
China,Shenyang,5303053
Myanmar,Yangon,5211431
Nigeria,Lagos,5195247
Saudi Arabia,Riyadh,5188286
Egypt,Alexandria,5163750
Australia,Melbourne,5159211
United States Of America,Philadelphia,5149079
Russian Federation,Saint Petersburg,4990602
Australia,Melbourne,4969305
Australia,Sydney,4966806
United States Of America,Miami,4919036
India,Surat,4501610
China,Xi'an,4481508
Mexico,Tlaquepaque,4434878
Mexico,Tonala,4434878
Mexico,Zapopan,4434878
Kenya,Nairobi,4395749
Côte D'Ivoire,Abidjan,4395243
United Republic Of Tanzania,Dar es Salaam,4364541
Canada,Montreal,4364189
China,Chengdu,4333541
United States Of America,Dallas,4145659
United States Of America,Boston,4032484
Jordan,Amman,4007526
Spain,Madrid,3998829
United States Of America,Washington,3933920
United States Of America,Detroit,3903377
Iraq,Baghdad,3841268
United States Of America,Houston,3822509
Japan,Yokohama,3777491
Mexico,Irapuato,3764371
India,Pune,3760636
Republic Of Korea,Busan,3662884
Germany,Berlin,3644826
China,Nanjing,3624234
United States Of America,Atlanta,3499840
China,Harbin,3481504
Saudi Arabia,Jeddah,3430697
Mexico,Puebla,3305612
China,Dalian,3245191
China,Changchun,3225557
Pakistan,Faisalabad,3210158
India,Jaipur,3046163
China,Kunming,3035406
Iran,Mashhad,3001184
China,Jinan,2999934
United States Of America,San Francisco,2995769
China,Guiyang,2985105
Philippines,Quezon City,2960048
Republic Of Korea,Incheon,2951030
United States Of America,Phoenix,2907049
Ukraine,Kiev,2893215
Indonesia,Surabaya,2874314
Italy,Roma,2873147
China,Zibo,2817479
India,Lucknow,2817105
Canada,Vancouver,2773148
United Republic Of Tanzania,Mwanza,2772509
India,Kanpur,2768057
Japan,Osaka,2752412
Democratic People'S Republic Of Korea,Pyongyang,2741260
Ethiopia,Addis Ababa,2739551
China,Qingdao,2720972
Algeria,Algiers,2712944
United States Of America,Seattle,2712205
Uzbekistan,Tashkent,2694378
Brazil,Salvador,2674923
United States Of America,San Diego,2674436
Mexico,San Martin Texmelucan de Labastida,2668437
Hungary,Budapest,2623683
Bangladesh,Chittagong,2591681
China,Zhengzhou,2589387
Egypt,Giza,2572581
Australia,Greater Brisbane,2560720
China,Taiyuan,2558382
Thailand,Nakhon Ratchasima,2556260
Republic Of Korea,Daegu,2484022
Brazil,Brasília,2481272
Australia,Brisbane,2475680
China,Chaoyang,2470812
Brazil,Fortaleza,2452185
China,Hangzhou,2451319
Indonesia,Bandung,2444160
Indonesia,Medan,2435252
Mexico,Toluca,2430360
Burkina Faso,Ouagadougou,2415266
India,Nagpur,2405665
United States Of America,Minneapolis,2388593
Brazil,Belo Horizonte,2375151
Colombia,Medellin,2372330
China,Zhongshan,2363322
Japan,Nagoya,2332176
Azerbaijan,Baku,2330425
Ecuador,Guayaquil,2291158
United Kingdom Of Great Britain And Northern Ireland,West Midlands,2284093
Mexico,Tijuana,2252147
United Kingdom Of Great Britain And Northern Ireland,Manchester,2244931
Spain,Barcelona,2208652
Cuba,La Habana,2202239
Nigeria,Kano,2166554
Pakistan,Gujranwala,2165340
China,Nanhai,2133741
Australia,Perth,2125114
China,Fuzhou,2124435
China,Changsha,2122873
Ecuador,Quito,2122594
Venezuela,Caracas,2104423
Pakistan,Rawalpindi,2098231
Pakistan,Kashmore,2097824
China,Lanzhou,2087759
Australia,Perth,2083645
United Republic Of Tanzania,Dodoma,2083588
United States Of America,St. Louis,2077662
United States Of America,Baltimore,2076354
Colombia,Cali,2075380
United States Of America,Tampa,2062339
China,Xiamen,2053070
Belarus,Minsk,2020133
Kazakhstan,Almaty,2001059
China,Zaozhuang,1996798
Mexico,León,1996647
India,Indore,1994397
United States Of America,Denver,1984887
Senegal,Dakar,1976533
Japan,Sapporo,1973395
Pakistan,Peshawar,1970042
China,Shijiazhuang,1969975
Iran,Isfahan,1961260
China,Jilin,1953134
Romania,Bucharest,1944226
China,Linyi,1938510
China,Wenzhou,1915548
Cameroon,Douala,1907479
Sweden,Stockholm,1904025
Austria,Vienna,1897491
Guinea,Conakry,1879695
Pakistan,Multan,1872641
China,Puning,1856402
Malaysia,Kuala Lumpur,1853918
Philippines,Manila,1846513
China,Nanchang,1844253
India,Thane,1841488
Germany,Hamburg,1841179
Nigeria,Ibadan,1835300
Cameroon,Yaounde,1817524
Mali,Bamako,1810366
Indonesia,Tangerang,1798601
India,Bhopal,1798218
Brazil,Manaus,1792881
Poland,Warsaw,1792692
United States Of America,Cleveland,1786647
Philippines,Davao,1776949
China,Nanchong,1771920
Jordan,Irbid,1770158
China,Nanning,1766701
China,Urumqi,1753298
United States Of America,Pittsburgh,1753136
India,Vadodara,1752371
Brazil,Curitiba,1751907
Yemen,Sanaa,1747934
Zambia,Lusaka,1747152
Thailand,Khon Kaen,1733434
Ghana,Kumasi,1730249
India,Visakhapatnam,1728128
India,Pimpri Chinchwad,1727692
China,Yantai,1724404
China,Fuyang,1719057
New Zealand,Auckland,1717500
China,Tangshan,1711311
Venezuela,Maracaibo,1706547
Mexico,Queretaro,1701124
India,Patna,1697976
Serbia,Belgrade,1694480
China,Shunde,1694152
Thailand,Ubon Ratchathani,1691441
China,Xuzhou,1679626
China,Baotou,1671181
Philippines,Caloocan,1661584
China,Hefei,1659075
Ghana,Accra,1658937
Mexico,Ecatepec,1655015
India,Ghaziabad,1648643
France,Lyon,1639558
Paraguay,Asunción,1620483
India,Ludhiana,1618879
Mongolia,Ulaanbaatar,1618231
Iran,Karaj,1614626
China,Tianmen,1613739
Japan,Fukuoka,1612392
China,Suzhou,1601181
China,Suizhou,1598752
India,Agra,1585704
France,Marseille,1585498
China,Nanyang,1584715
United States Of America,Portland,1583138
Argentina,Cordoba,1573230
China,Ningbo,1567499
Iran,Shiraz,1565572
Belgium,Brussels,1561395
Canada,Calgary,1559284
China,Lu'An,1559037
Iran,Tabriz,1558693
China,Anshan,1556285
Indonesia,Semarang,1555984
Mexico,Ciudad Juarez,1552319
Republic Of Korea,Daejeon,1552153
China,Tengzhou,1548817
Japan,Kobe,1544200
China,Qiqihar,1540089
China,Pizhou,1539922
United States Of America,San Jose,1538312
Japan,Kawasaki,1538262
China,Tai'An,1538211
Brazil,Recife,1537704
Saudi Arabia,Mecca,1534731
China,Datong,1526744
Republic Of Korea,Gwangju,1521704
Thailand,Nakhon Si Thammarat,1519811
Russian Federation,Novosibirsk,1511369
Uganda,Kampala,1507114
United States Of America,Riverside,1506816
United States Of America,Cincinnati,1503262
Thailand,Chiang Mai,1500127
United Kingdom Of Great Britain And Northern Ireland,West Yorkshire,1499465
Thailand,Buri Ram,1493359
United States Of America,San Antonio,1492510
China,Taizhou,1491963
China,Luoyang,1491680
Philippines,Kalookan,1489040
India,Nashik,1486053
Zimbabwe,Harare,1485231
Canada,Edmonton,1480754
China,Jinjiang,1479259
Canada,Ottawa,1476756
Japan,Kyoto,1475183
China,Xiantao,1474078
Germany,Munich,1471508
Mexico,La Laguna,1470138
Thailand,Udon Thani,1467158
Mexico,Ciudad Juarez,1464930
India,Coimbatore,1461139
Indonesia,Palembang,1455284
Ukraine,Kharkiv,1449871
Argentina,Rosario,1444436
China,Xinghua,1441659
China,Fushun,1434447
China,Shangqiu,1428983
China,Wuxi,1425766
China,Hechuan,1420520
Russian Federation,Yekaterinburg,1420285
China,Wujin,1420204
Switzerland,Zurich,1414771
India,Faridabad,1414050
China,Guigang,1413128
China,Jianyang,1412523
Brazil,Porto Alegre,1409351
China,Hohhot,1406955
Thailand,Si Sa Ket,1405500
United States Of America,Virginia Beach,1394439
United States Of America,Sacramento,1393498
China,Neijiang,1391931
Mozambique,Maputo,1391499
Italy,Milan,1390412
Mozambique,Xai-Xai,1388039
China,Nanan,1385276
Uruguay,Montevideo,1383964
Brazil,Belém,1381475
China,Weifang,1380300
China,Daqing,1380051
Mexico,Mérida,1377502
Australia,Adelaide,1376601
China,Tongzhou,1371498
Jordan,Zarqa,1364878
China,Rugao,1362533
United States Of America,Kansas City,1361744
China,Guiping,1359035
Australia,Adelaide,1357504
China,Huainan,1357228
India,Kochi,1355972
China,Suining,1355388
China,Bozhou,1351939
China,Zhanjiang,1350665
China,Changde,1346739
India,Visakhapatnam,1345938
China,Suzhou,1344709
China,Xintai,1344395
Indonesia,Makasar,1338663
Czechia,Prague,1335084
China,Handan,1329734
Thailand,Surin,1327901
Japan,Saitama,1324025
India,Rajkot,1323363
China,Jiangjin,1322890
China,Pingdu,1321975
Mexico,San Luis Potosi,1318356
China,Jiangyin,1315472
United States Of America,Las Vegas,1314357
United States Of America,Milwaukee,1308913
China,Liuyang,1307572
India,Meerut,1305429
United Republic Of Tanzania,Zanzibar,1303569
Mexico,Coatzacoalcos,1301452
Russian Federation,Nizhniy Novgorod,1301325
Brazil,Goiânia,1297154
China,Xuanwei,1292825
China,Dengzhou,1290656
China,Heze,1280031
Madagascar,Antananarivo,1275207
China,Shantou,1270112
China,Leizhou,1268298
China,Yongcheng,1264607
Venezuela,Valencia,1263888
Thailand,Roi Et,1256458
China,Xinyang,1255750
Thailand,Songkhla,1255662
China,Luzhou,1252884
India,Kalyan Dombivali,1247327
Bulgaria,Sofia,1242568
China,Changshu,1239637
Mexico,Manzanillo,1239572
China,Taixing,1235454
Dominican Republic,Santo Domingo,1234721
China,Laiwu,1233525
China,Xiaoshan,1233348
China,Yiyang,1228881
Myanmar,Mandalay,1225546
India,Vasai,1222390
Brazil,Guarulhos,1221979
China,Liuzhou,1220392
China,Gaozhou,1219132
United States Of America,Indianapolis,1218919
China,Fengcheng,1216412
Mexico,Gómez Palacio,1215817
Mexico,Torreón,1215817
China,Cixi,1214537
Kazakhstan,Nur-Sultan,1212077
United Kingdom Of Great Britain And Northern Ireland,Glasgow,1209143
Kenya,Mombasa,1208112
China,Ruian,1207788
India,Srinagar,1206419
China,Lianjiang,1205764
India,Varanasi,1203961
India,Madurai,1203095
Iran,Qom,1201158
Japan,Hiroshima,1200754
China,Huaian,1200679
India,Kalyan,1193512
China,Quanzhou,1192286
Mexico,Aguascalientes,1189107
Qatar,Doha,1186023
China,Bazhong,1185862
Georgia,Tbilisi,1184818
Iran,Ahvaz,1184788
China,Haicheng,1181130
China,Xishan,1181073
China,Leiyang,1180235
China,Jingzhou,1177150
India,Aurangabad,1175116
United States Of America,Providence,1174548
China,Fuqing,1174540
Russian Federation,Samara,1170485
Russian Federation,Kazan,1168745
India,Allahabad,1168385
Algeria,Oran,1165687
Republic Of Korea,Ulsan,1165646
China,Lufeng,1164767
China,Dongtai,1164653
China,Yixing,1164275
China,Mianyang,1162962
China,Wenling,1162783
China,Leqing,1162765
India,Dhanbad,1162472
Myanmar,Nay Pyi Taw,1160242
India,Amritsar,1159227
Thailand,Chon Buri,1158989
Russian Federation,Omsk,1158627
United States Of America,Orlando,1157431
China,Yushu,1155670
China,Chifeng,1153723
Panama,Panama City,1153170
Russian Federation,Chelyabinsk,1149829
China,Rizhao,1148190
China,Tianshui,1146986
China,Huzhou,1145414
India,Vijayawada,1143232
Spain,Valencia,1137470
United States Of America,Columbus,1133193
Thailand,Chiang Rai,1129701
China,Macheng,1129047
China,Wuxi,1128429
China,Bijie,1128230
China,Yuzhou,1122669
India,Navi Mumbai,1120547
China,Leshan,1120158
Colombia,Barranquilla,1120103
Argentina,La Matanza,1120088
Armenia,Yerevan,1116648
Bolivia,Santa Cruz,1113582
China,Jimo,1111202
Ireland,Dublin,1110627
China,Dingzhou,1107903
India,Jamshedpur,1104713
Mexico,Nezahualcoyotl,1104585
China,Zoucheng,1101003
Saudi Arabia,Madinah,1100093
Russian Federation,Rostov-on-Don,1100091
India,Jabalpur,1098000
Senegal,Pikine,1096830
China,Anqiu,1096782
Japan,Sendai,1096704
Thailand,Chaiyaphum,1095360
Argentina,Mendoza,1094209
Kazakhstan,Shymkent,1093467
China,Guangan,1093103
Thailand,Nakhon Sawan,1090379
Malawi,Lilongwe,1087917
Mexico,Mexicali,1087478
Kyrgyzstan,Bishkek,1086261
United Kingdom Of Great Britain And Northern Ireland,Birmingham,1085810
Germany,Cologne,1085664
Russian Federation,Ufa,1084420
Thailand,Samut Prakan,1082993
China,Shouguang,1081991
China,Changzhou,1081845
Mexico,Saltillo,1080679
Peru,Arequipa,1080635
India,Haora,1077075
India,Ranchi,1073427
China,Zhuji,1070675
Netherlands,Amsterdam,1068724
India,Asansol,1067369
Brazil,Campinas,1061540
Mexico,Cuernavaca,1059521
China,Hanchuan,1057396
China,Qidong,1057073
Tunisia,Tunis,1056247
India,Jodhpur,1056191
Sierra Leone,Freetown,1055964
Canada,Ottawa,1054800
India,Gwalior,1054420
China,Zaoyang,1054374
Ukraine,Dnipro,1053951
China,Zhucheng,1053695
China,Jiangdu,1053023
China,Xiangcheng,1052468
China,Zigong,1051384
China,Jining,1050522
China,Beiliu,1049035
China,Gongzhuling,1041735
Thailand,Sakon Nakhon,1040766
Mexico,Soledad De Graciano Sanchez,1040443
France,Lille,1039397
Mexico,Culiacán Rosales,1036119
China,Qinzhou,1035504
Russian Federation,Volgograd,1035269
Mozambique,Matola,1032197
India,Raipur,1027264
Niger,Niamey,1026848
Egypt,Shubra El-Kheima,1025569
Mexico,Morelia,1024898
China,Ezhou,1023285
Guatemala,Guatemala City,1022001
China,Zhongxiang,1021998
Mexico,Chihuahua,1018398
China,Ziyang,1016034
Pakistan,Islamabad,1014825
China,Mudanjiang,1014206
Japan,Kitakyushu,1011471
Ukraine,Odessa,1010298
United States Of America,New Orleans,1009283
Netherlands,Rotterdam,1008390
Ukraine,Donetsk,1008002
China,Huazhou,1007796
Russian Federation,Krasnoyarsk,1007654
China,Fuzhou,1007391
Russian Federation,Perm,1007285
Italy,Naples,1004500
India,Kota,1001694
Pakistan,Quetta,1001205
Venezuela,Barquisimeto,1000632
Brazil,São Gonçalo,998999
Mexico,Cancún,997808
Russian Federation,Voronezh,997447
China,Lianyuan,996893
Honduras,Tegucigalpa,996658
China,Liupanshui,995055
Nigeria,Kaduna,993642
China,Qianjiang,992438
South Africa,Cape Town,987007
China,Yongchuan,984730
Burkina Faso,Bobo Dioulasso,984603
Spain,Sevilla,984092
China,Linzhou,982254
Mexico,Tampico,980454
China,Benxi,980069
China,Zhangqiu,977324
Philippines,Zamboanga,977234
United States Of America,Buffalo,976703
China,Yongzhou,976539
Nepal,Kathmandu,975453
Japan,Chiba,974951
United States Of America,Memphis,972091
Mexico,Hermosillo,970861
Liberia,Monrovia,970824
India,Chandigarh,970602
Peru,Trujillo,970016
Thailand,Phetchabun,965784
United States Of America,Austin,964177
Philippines,Cebu,964169
China,Xinyi,962656
India,Guwahati,962334
Mexico,Veracruz,962097
Brazil,Sao Luis,958545
Mauritania,Nouakchott,958399
South Africa,Johannesburg,957441
China,Zhangjiagang,957223
China,Wafangdian,956063
United States Of America,Jacksonville,954614
China,Xianyang,953860
India,Solapur,951558
Indonesia,Bogor,950334
China,Liaocheng,950319
China,Taishan,948716
China,Linhai,948618
China,Feicheng,948602
France,Toulouse,948433
Thailand,Maha Sarakham,947313
Republic Of Korea,Suwon,946704
Iran,Kermanshah,946651
China,Wuwei,946506
Indonesia,Batam,944285
India,Hubli-Dharwad,943788
Israel,Jerusalem,943787
France,Nice,943354
China,Haimen,942952
Lebanon,Beirut,938940
United States Of America,Fort Worth,935508
Mexico,Acapulco,935273
China,Liling,934396
China,Xinhui,932425
Brazil,Maceió,932078
India,Durg,927864
China,Ruzhou,923245
Thailand,Kalasin,921366
India,Mysore,920550
China,Yichun,920357
China,Yulin,918229
Republic Of Korea,Seongnam,914590
China,Yueyang,912993
China,Yiwu,912670
China,Jixi,910782
Italy,Torino,910283
Nicaragua,Managua,908892
China,Xinyi,907978
Argentina,San Miguel de Tucuman,906536
China,Guangyuan,905057
Argentina,La Plata,905035
India,Bareilly,904797
France,Bordeaux,904359
South Africa,Soweto,904165
China,Zhangjiakou,903348
Saudi Arabia,Dammam,903312
China,Baoding,902496
China,Huludao,900936
China,Pingdingshan,900903
Mexico,Tuxtla Gutiérrez,900234
China,Zengcheng,899644
Indonesia,Pekanbaru,897767
China,Laiyang,897681
Colombia,Cartagena,895400
China,Qingzhou,894468
Dominican Republic,Santo Domingo,891952
India,Thiruvananthapuram,889635
China,Laizhou,889361
United States Of America,Bridgeport,888890
Mexico,Villahermosa,888867
China,Weinan,888866
China,Wuchang,888782
India,Moradabad,887871
United States Of America,Salt Lake City,887650
Philippines,Antipolo,887399
Philippines,Taguig,886722
India,Gurgaon,886519
China,Guangshui,885936
India,Bhubaneswar Town,885363
China,Gaizhou,883811
Sweden,Gothenburg,883764
Thailand,Nong Khai,883704
China,Xiaogan,883123
China,Jiaxing,881923
Indonesia,Bandar Lampung,881801
India,Calicut,880247
United Kingdom Of Great Britain And Northern Ireland,Tyneside,879996
China,Zhuzhou,879996
United States Of America,Charlotte,879709
China,Hengyang,879051
China,Dehui,878349
China,Honghu,877775
Venezuela,Ciudad Guayana,877547
China,Danyang,877232
Peru,Callao,876876
Mexico,Jiutepec,876083
India,Aligarh,874408
China,Daye,873859
China,Xingning,871507
China,Xiangfan,871388
Thailand,Surat Thani,869410
India,Jalandhar,868929
India,Tiruchirappalli,866354
China,Luoding,866190
United States Of America,Louisville,863582
China,Huiyang,862822
China,Jinzhou,861991
Mexico,Reynosa,861797
China,Jiangyan,861321
Russian Federation,Krasnodar,861181
China,Chenghai,860003
China,Jiamusi,859944
China,Songzi,859941
Mexico,Ciudad Madero,859419
Rwanda,Kigali,859332
Russian Federation,Saratov,857961
China,Wujiang,857104
Algeria,Setif,856457
Thailand,Suphan Buri,855949
China,Xining,854466
Canada,Winnipeg,852778
China,Yuyao,852719
Brazil,Duque De Caxias,852138
United States Of America,Hartford,851535
China,Hezhou,850023
China,Jiangyou,849761
Mexico,Cárdenas,847144
China,Baoshan,846865
China,Ankang,843426
China,Gaomi,842403
Japan,Sakai,841966
China,Yangchun,840581
Togo,Lome,839566
Canada,Quebec,836837
China,Danzhou,835465
China,Zhuanghe,835062
China,Zhuhai,833908
Indonesia,Padang,833562
China,Zhaodong,832657
China,Haikou,830192
India,Salem,829267
Canada,Mississauga,828854
China,Jiaonan,827771
